State,Section,Species,Year,Animals,Hunters,H.Days
NV,Western,SAGE_GROUSE,1976,1654,1382,1836
NV,Western,SAGE_GROUSE,1977,1399,752,1354
NV,Western,SAGE_GROUSE,1978,4546,2031,3691
NV,Western,SAGE_GROUSE,1979,7690,3065,5783
NV,Western,SAGE_GROUSE,1980,2260,1510,2497
NV,Western,SAGE_GROUSE,1981,2869,1939,2689
NV,Western,SAGE_GROUSE,1982,1642,760,1646
NV,Western,SAGE_GROUSE,1983,3431,1894,3055
NV,Western,SAGE_GROUSE,1984,4203,2312,3951
NV,Western,SAGE_GROUSE,1985,,,
NV,Western,SAGE_GROUSE,1986,1609,1011,1518
NV,Western,SAGE_GROUSE,1987,3413,1570,2685
NV,Western,SAGE_GROUSE,1988,3410,1620,3370
NV,Western,SAGE_GROUSE,1989,3566,1711,3123
NV,Western,SAGE_GROUSE,1990,3409,1540,3511
NV,Western,SAGE_GROUSE,1991,4292,1940,3867
NV,Western,SAGE_GROUSE,1992,2858,1541,4009
NV,Western,SAGE_GROUSE,1993,1914,929,1836
NV,Western,SAGE_GROUSE,1994,2596,1213,2773
NV,Western,SAGE_GROUSE,1995,1702,1090,2009
NV,Western,SAGE_GROUSE,1996,2273,1264,2444
NV,Western,SAGE_GROUSE,1997,1443,1018,1978
NV,Western,SAGE_GROUSE,1998,971,741,1507
NV,Western,SAGE_GROUSE,1999,1951,887,1791
NV,Western,SAGE_GROUSE,2000,1963,829,1597
NV,Western,SAGE_GROUSE,2001,1201,652,1218
NV,Western,SAGE_GROUSE,2002,2009,1020,2231
NV,Western,SAGE_GROUSE,2003,2802,1233,2186
NV,Western,SAGE_GROUSE,2004,2615,946,2072
NV,Western,SAGE_GROUSE,2005,1386,603,1438
NV,Western,SAGE_GROUSE,2006,1643,837,1751
NV,Western,SAGE_GROUSE,2007,1835,1466,3143
NV,Western,SAGE_GROUSE,2008,1974,1366,2651
NV,Western,SAGE_GROUSE,2009,4317,2023,4310
NV,Western,SAGE_GROUSE,2010,3071,1704,3336
NV,Western,SAGE_GROUSE,2011,2680,937,2740
NV,Western,SAGE_GROUSE,2012,860,589,1238
NV,Western,SAGE_GROUSE,2013,453,410,834
NV,Western,SAGE_GROUSE,2014,642,464,910
NV,Western,SAGE_GROUSE,2015,670,291,642
NV,Western,SAGE_GROUSE,2016,910,364,732
NV,Western,SAGE_GROUSE,2017,812,500,938
NV,Western,SOOTY_GROUSE,1976,455,367,863
NV,Western,SOOTY_GROUSE,1977,971,496,1138
NV,Western,SOOTY_GROUSE,1978,255,294,558
NV,Western,SOOTY_GROUSE,1979,426,485,868
NV,Western,SOOTY_GROUSE,1980,222,393,620
NV,Western,SOOTY_GROUSE,1981,297,269,574
NV,Western,SOOTY_GROUSE,1982,126,328,479
NV,Western,SOOTY_GROUSE,1983,192,220,279
NV,Western,SOOTY_GROUSE,1984,258,278,561
NV,Western,SOOTY_GROUSE,1985,306,603,1082
NV,Western,SOOTY_GROUSE,1986,362,371,597
NV,Western,SOOTY_GROUSE,1987,345,412,885
NV,Western,SOOTY_GROUSE,1988,503,425,1000
NV,Western,SOOTY_GROUSE,1989,436,413,1316
NV,Western,SOOTY_GROUSE,1990,491,371,649
NV,Western,SOOTY_GROUSE,1991,219,456,948
NV,Western,SOOTY_GROUSE,1992,307,293,716
NV,Western,SOOTY_GROUSE,1993,455,353,636
NV,Western,SOOTY_GROUSE,1994,208,281,432
NV,Western,SOOTY_GROUSE,1995,429,395,857
NV,Western,SOOTY_GROUSE,1996,512,290,595
NV,Western,SOOTY_GROUSE,1997,207,365,541
NV,Western,SOOTY_GROUSE,1998,540,340,841
NV,Western,SOOTY_GROUSE,1999,376,346,965
NV,Western,SOOTY_GROUSE,2000,262,199,335
NV,Western,SOOTY_GROUSE,2001,93,149,316
NV,Western,SOOTY_GROUSE,2002,244,213,744
NV,Western,SOOTY_GROUSE,2003,145,178,348
NV,Western,SOOTY_GROUSE,2004,420,195,516
NV,Western,SOOTY_GROUSE,2005,253,270,524
NV,Western,SOOTY_GROUSE,2006,422,607,1477
NV,Western,SOOTY_GROUSE,2007,540,712,1484
NV,Western,SOOTY_GROUSE,2008,540,735,1880
NV,Western,SOOTY_GROUSE,2009,588,623,1359
NV,Western,SOOTY_GROUSE,2010,436,532,1169
NV,Western,SOOTY_GROUSE,2011,383,360,921
NV,Western,SOOTY_GROUSE,2012,210,367,708
NV,Western,SOOTY_GROUSE,2013,180,277,530
NV,Western,SOOTY_GROUSE,2014,313,283,694
NV,Western,SOOTY_GROUSE,2015,123,175,420
NV,Western,SOOTY_GROUSE,2016,170,139,339
NV,Western,SOOTY_GROUSE,2017,320,241,543
NV,Western,RUFFED_GROUSE,1976,,,
NV,Western,RUFFED_GROUSE,1977,,,
NV,Western,RUFFED_GROUSE,1978,,,
NV,Western,RUFFED_GROUSE,1979,,,
NV,Western,RUFFED_GROUSE,1980,,,
NV,Western,RUFFED_GROUSE,1981,,,
NV,Western,RUFFED_GROUSE,1982,,,
NV,Western,RUFFED_GROUSE,1983,,,
NV,Western,RUFFED_GROUSE,1984,,,
NV,Western,RUFFED_GROUSE,1985,,,
NV,Western,RUFFED_GROUSE,1986,,,
NV,Western,RUFFED_GROUSE,1987,,,
NV,Western,RUFFED_GROUSE,1988,,,
NV,Western,RUFFED_GROUSE,1989,,,
NV,Western,RUFFED_GROUSE,1990,,,
NV,Western,RUFFED_GROUSE,1991,,,
NV,Western,RUFFED_GROUSE,1992,,,
NV,Western,RUFFED_GROUSE,1993,,,
NV,Western,RUFFED_GROUSE,1994,,,
NV,Western,RUFFED_GROUSE,1995,,,
NV,Western,RUFFED_GROUSE,1996,,,
NV,Western,RUFFED_GROUSE,1997,,,
NV,Western,RUFFED_GROUSE,1998,,,
NV,Western,RUFFED_GROUSE,1999,,,
NV,Western,RUFFED_GROUSE,2000,,,
NV,Western,RUFFED_GROUSE,2001,,,
NV,Western,RUFFED_GROUSE,2002,,,
NV,Western,RUFFED_GROUSE,2003,,,
NV,Western,RUFFED_GROUSE,2004,,,
NV,Western,RUFFED_GROUSE,2005,9,19,57
NV,Western,RUFFED_GROUSE,2006,3,9,13
NV,Western,RUFFED_GROUSE,2007,38,200,392
NV,Western,RUFFED_GROUSE,2008,41,64,99
NV,Western,RUFFED_GROUSE,2009,110,110,204
NV,Western,RUFFED_GROUSE,2010,38,32,110
NV,Western,RUFFED_GROUSE,2011,30,43,81
NV,Western,RUFFED_GROUSE,2012,22,44,92
NV,Western,RUFFED_GROUSE,2013,22,18,27
NV,Western,RUFFED_GROUSE,2014,123,53,94
NV,Western,RUFFED_GROUSE,2015,51,28,46
NV,Western,RUFFED_GROUSE,2016,15,15,15
NV,Western,RUFFED_GROUSE,2017,8,16,20
NV,Western,CHUKAR,1976,36039,7517,25059
NV,Western,CHUKAR,1977,40135,6437,21883
NV,Western,CHUKAR,1978,79229,10305,39697
NV,Western,CHUKAR,1979,105335,11753,45605
NV,Western,CHUKAR,1980,156481,14304,58612
NV,Western,CHUKAR,1981,48144,11804,33875
NV,Western,CHUKAR,1982,38083,10879,31028
NV,Western,CHUKAR,1983,56757,11811,32135
NV,Western,CHUKAR,1984,43870,10435,30125
NV,Western,CHUKAR,1985,11275,4669,14587
NV,Western,CHUKAR,1986,26401,6048,19034
NV,Western,CHUKAR,1987,42686,6334,22661
NV,Western,CHUKAR,1988,73963,7442,30478
NV,Western,CHUKAR,1989,52710,8562,31699
NV,Western,CHUKAR,1990,47421,7323,24712
NV,Western,CHUKAR,1991,33247,7208,25986
NV,Western,CHUKAR,1992,24601,4977,19178
NV,Western,CHUKAR,1993,13299,4204,16494
NV,Western,CHUKAR,1994,21251,4286,14485
NV,Western,CHUKAR,1995,43612,6476,25341
NV,Western,CHUKAR,1996,41575,6441,22996
NV,Western,CHUKAR,1997,26468,5700,19746
NV,Western,CHUKAR,1998,36830,5856,20317
NV,Western,CHUKAR,1999,71212,7823,33057
NV,Western,CHUKAR,2000,40979,6319,23991
NV,Western,CHUKAR,2001,30192,3927,16067
NV,Western,CHUKAR,2002,52856,6744,27628
NV,Western,CHUKAR,2003,80645,8128,33255
NV,Western,CHUKAR,2004,56774,6129,25908
NV,Western,CHUKAR,2005,85323,9248,41798
NV,Western,CHUKAR,2006,74473,7527,41229
NV,Western,CHUKAR,2007,41749,9587,41855
NV,Western,CHUKAR,2008,47022,8239,33696
NV,Western,CHUKAR,2009,55293,9684,38495
NV,Western,CHUKAR,2010,64634,10045,40506
NV,Western,CHUKAR,2011,81380,7993,43652
NV,Western,CHUKAR,2012,30302,6313,27193
NV,Western,CHUKAR,2013,30303,8128,33636
NV,Western,CHUKAR,2014,50122,10031,44183
NV,Western,CHUKAR,2015,45307,6042,31262
NV,Western,CHUKAR,2016,59597,6240,32736
NV,Western,CHUKAR,2017,57391,8352,43703
NV,Western,HUNGARIAN_PART,1976,831,281,764
NV,Western,HUNGARIAN_PART,1977,179,141,356
NV,Western,HUNGARIAN_PART,1978,708,358,947
NV,Western,HUNGARIAN_PART,1979,1004,395,1785
NV,Western,HUNGARIAN_PART,1980,1931,541,1740
NV,Western,HUNGARIAN_PART,1981,2652,728,2689
NV,Western,HUNGARIAN_PART,1982,536,517,1709
NV,Western,HUNGARIAN_PART,1983,1038,615,1153
NV,Western,HUNGARIAN_PART,1984,1908,644,1923
NV,Western,HUNGARIAN_PART,1985,1079,335,842
NV,Western,HUNGARIAN_PART,1986,674,337,850
NV,Western,HUNGARIAN_PART,1987,1381,525,1246
NV,Western,HUNGARIAN_PART,1988,1558,571,1384
NV,Western,HUNGARIAN_PART,1989,966,487,1680
NV,Western,HUNGARIAN_PART,1990,2027,604,1449
NV,Western,HUNGARIAN_PART,1991,691,532,1408
NV,Western,HUNGARIAN_PART,1992,335,228,590
NV,Western,HUNGARIAN_PART,1993,55,123,269
NV,Western,HUNGARIAN_PART,1994,872,151,492
NV,Western,HUNGARIAN_PART,1995,980,335,750
NV,Western,HUNGARIAN_PART,1996,817,401,722
NV,Western,HUNGARIAN_PART,1997,479,248,734
NV,Western,HUNGARIAN_PART,1998,930,261,607
NV,Western,HUNGARIAN_PART,1999,3262,902,2300
NV,Western,HUNGARIAN_PART,2000,3349,464,1979
NV,Western,HUNGARIAN_PART,2001,463,239,477
NV,Western,HUNGARIAN_PART,2002,609,452,1123
NV,Western,HUNGARIAN_PART,2003,969,365,902
NV,Western,HUNGARIAN_PART,2004,627,271,629
NV,Western,HUNGARIAN_PART,2005,1280,807,3157
NV,Western,HUNGARIAN_PART,2006,2961,1003,3918
NV,Western,HUNGARIAN_PART,2007,1022,554,2768
NV,Western,HUNGARIAN_PART,2008,607,478,2424
NV,Western,HUNGARIAN_PART,2009,1059,752,3295
NV,Western,HUNGARIAN_PART,2010,2083,551,2442
NV,Western,HUNGARIAN_PART,2011,1967,531,3091
NV,Western,HUNGARIAN_PART,2012,1225,437,2689
NV,Western,HUNGARIAN_PART,2013,306,241,1063
NV,Western,HUNGARIAN_PART,2014,611,224,1615
NV,Western,HUNGARIAN_PART,2015,445,130,570
NV,Western,HUNGARIAN_PART,2016,398,104,463
NV,Western,HUNGARIAN_PART,2017,646,210,1185
NV,Western,CALIFORNIA_QUAIL,1976,24397,3636,11343
NV,Western,CALIFORNIA_QUAIL,1977,33452,3939,15848
NV,Western,CALIFORNIA_QUAIL,1978,52041,4935,20332
NV,Western,CALIFORNIA_QUAIL,1979,45492,5808,22666
NV,Western,CALIFORNIA_QUAIL,1980,53539,6154,22238
NV,Western,CALIFORNIA_QUAIL,1981,44459,6115,22054
NV,Western,CALIFORNIA_QUAIL,1982,35789,5919,19605
NV,Western,CALIFORNIA_QUAIL,1983,40614,5791,18810
NV,Western,CALIFORNIA_QUAIL,1984,36205,5371,20408
NV,Western,CALIFORNIA_QUAIL,1985,21041,3276,13002
NV,Western,CALIFORNIA_QUAIL,1986,23126,3519,11314
NV,Western,CALIFORNIA_QUAIL,1987,26064,3437,13780
NV,Western,CALIFORNIA_QUAIL,1988,25250,2989,10783
NV,Western,CALIFORNIA_QUAIL,1989,20902,2827,11440
NV,Western,CALIFORNIA_QUAIL,1990,15305,2365,6914
NV,Western,CALIFORNIA_QUAIL,1991,19160,2682,18866
NV,Western,CALIFORNIA_QUAIL,1992,14472,2379,9079
NV,Western,CALIFORNIA_QUAIL,1993,16853,2513,10142
NV,Western,CALIFORNIA_QUAIL,1994,30557,3207,13595
NV,Western,CALIFORNIA_QUAIL,1995,39209,4065,16249
NV,Western,CALIFORNIA_QUAIL,1996,34546,3342,12819
NV,Western,CALIFORNIA_QUAIL,1997,22169,3130,11401
NV,Western,CALIFORNIA_QUAIL,1998,33181,3679,14475
NV,Western,CALIFORNIA_QUAIL,1999,34753,4123,19038
NV,Western,CALIFORNIA_QUAIL,2000,22876,3575,10712
NV,Western,CALIFORNIA_QUAIL,2001,17830,2057,7850
NV,Western,CALIFORNIA_QUAIL,2002,19546,3235,10578
NV,Western,CALIFORNIA_QUAIL,2003,29815,3442,11638
NV,Western,CALIFORNIA_QUAIL,2004,19606,2270,8271
NV,Western,CALIFORNIA_QUAIL,2005,13452,1706,7213
NV,Western,CALIFORNIA_QUAIL,2006,19245,1832,8620
NV,Western,CALIFORNIA_QUAIL,2007,28975,3873,15463
NV,Western,CALIFORNIA_QUAIL,2008,36079,4775,19746
NV,Western,CALIFORNIA_QUAIL,2009,31903,4162,16467
NV,Western,CALIFORNIA_QUAIL,2010,27298,3402,14235
NV,Western,CALIFORNIA_QUAIL,2011,37911,2970,17152
NV,Western,CALIFORNIA_QUAIL,2012,18199,2633,11701
NV,Western,CALIFORNIA_QUAIL,2013,12047,1753,7032
NV,Western,CALIFORNIA_QUAIL,2014,12429,2103,9812
NV,Western,CALIFORNIA_QUAIL,2015,8041,1118,4601
NV,Western,CALIFORNIA_QUAIL,2016,8770,1240,5081
NV,Western,CALIFORNIA_QUAIL,2017,11617,1629,7118
NV,Western,MOUNTAIN_QUAIL,1976,,,
NV,Western,MOUNTAIN_QUAIL,1977,,,
NV,Western,MOUNTAIN_QUAIL,1978,,,
NV,Western,MOUNTAIN_QUAIL,1979,,,
NV,Western,MOUNTAIN_QUAIL,1980,,,
NV,Western,MOUNTAIN_QUAIL,1981,,,
NV,Western,MOUNTAIN_QUAIL,1982,,,
NV,Western,MOUNTAIN_QUAIL,1983,,,
NV,Western,MOUNTAIN_QUAIL,1984,,,
NV,Western,MOUNTAIN_QUAIL,1985,,,
NV,Western,MOUNTAIN_QUAIL,1986,,,
NV,Western,MOUNTAIN_QUAIL,1987,,,
NV,Western,MOUNTAIN_QUAIL,1988,,,
NV,Western,MOUNTAIN_QUAIL,1989,,,
NV,Western,MOUNTAIN_QUAIL,1990,,,
NV,Western,MOUNTAIN_QUAIL,1991,,,
NV,Western,MOUNTAIN_QUAIL,1992,,,
NV,Western,MOUNTAIN_QUAIL,1993,,,
NV,Western,MOUNTAIN_QUAIL,1994,,,
NV,Western,MOUNTAIN_QUAIL,1995,,,
NV,Western,MOUNTAIN_QUAIL,1996,,,
NV,Western,MOUNTAIN_QUAIL,1997,,,
NV,Western,MOUNTAIN_QUAIL,1998,,,
NV,Western,MOUNTAIN_QUAIL,1999,,,
NV,Western,MOUNTAIN_QUAIL,2000,,,
NV,Western,MOUNTAIN_QUAIL,2001,,,
NV,Western,MOUNTAIN_QUAIL,2002,,,
NV,Western,MOUNTAIN_QUAIL,2003,,,
NV,Western,MOUNTAIN_QUAIL,2004,,,
NV,Western,MOUNTAIN_QUAIL,2005,,,
NV,Western,MOUNTAIN_QUAIL,2006,,,
NV,Western,MOUNTAIN_QUAIL,2007,,,
NV,Western,MOUNTAIN_QUAIL,2008,1374,406,1803
NV,Western,MOUNTAIN_QUAIL,2009,1627,649,2432
NV,Western,MOUNTAIN_QUAIL,2010,793,247,1032
NV,Western,MOUNTAIN_QUAIL,2011,745,338,1083
NV,Western,MOUNTAIN_QUAIL,2012,528,399,1432
NV,Western,MOUNTAIN_QUAIL,2013,577,386,1138
NV,Western,MOUNTAIN_QUAIL,2014,1051,437,1637
NV,Western,MOUNTAIN_QUAIL,2015,770,212,664
NV,Western,MOUNTAIN_QUAIL,2016,1002,245,799
NV,Western,MOUNTAIN_QUAIL,2017,1367,322,1486
NV,Western,PHEASANTS,1976,5514,3049,5599
NV,Western,PHEASANTS,1977,4649,2841,4858
NV,Western,PHEASANTS,1978,4912,2620,4584
NV,Western,PHEASANTS,1979,5432,2936,5138
NV,Western,PHEASANTS,1980,6328,3066,5706
NV,Western,PHEASANTS,1981,5043,3657,6021
NV,Western,PHEASANTS,1982,2708,2579,3680
NV,Western,PHEASANTS,1983,2252,2018,2749
NV,Western,PHEASANTS,1984,2835,2332,3481
NV,Western,PHEASANTS,1985,2101,1669,2765
NV,Western,PHEASANTS,1986,2001,1362,2342
NV,Western,PHEASANTS,1987,1201,877,1604
NV,Western,PHEASANTS,1988,1814,876,1802
NV,Western,PHEASANTS,1989,1155,977,1643
NV,Western,PHEASANTS,1990,879,735,1267
NV,Western,PHEASANTS,1991,716,1080,1550
NV,Western,PHEASANTS,1992,760,781,1244
NV,Western,PHEASANTS,1993,431,620,1071
NV,Western,PHEASANTS,1994,915,769,1440
NV,Western,PHEASANTS,1995,1091,622,1064
NV,Western,PHEASANTS,1996,423,473,756
NV,Western,PHEASANTS,1997,820,860,1903
NV,Western,PHEASANTS,1998,933,843,1356
NV,Western,PHEASANTS,1999,859,836,1612
NV,Western,PHEASANTS,2000,681,688,1173
NV,Western,PHEASANTS,2001,1048,559,1265
NV,Western,PHEASANTS,2002,938,644,1405
NV,Western,PHEASANTS,2003,1367,572,1375
NV,Western,PHEASANTS,2004,635,357,749
NV,Western,PHEASANTS,2005,272,195,596
NV,Western,PHEASANTS,2006,341,199,442
NV,Western,PHEASANTS,2007,311,308,760
NV,Western,PHEASANTS,2008,463,588,1366
NV,Western,PHEASANTS,2009,628,690,254
NV,Western,PHEASANTS,2010,653,492,254
NV,Western,PHEASANTS,2011,622,307,1025
NV,Western,PHEASANTS,2012,463,379,1107
NV,Western,PHEASANTS,2013,62,107,218
NV,Western,PHEASANTS,2014,172,138,299
NV,Western,PHEASANTS,2015,217,81,163
NV,Western,PHEASANTS,2016,109,64,109
NV,Western,PHEASANTS,2017,98,61,160
NV,Western,RABBIT,1976,13492,3494,13561
NV,Western,RABBIT,1977,25914,4202,11103
NV,Western,RABBIT,1978,37028,4794,24616
NV,Western,RABBIT,1979,35838,5678,26458
NV,Western,RABBIT,1980,31558,4865,20305
NV,Western,RABBIT,1981,29373,5078,21231
NV,Western,RABBIT,1982,23060,4347,19374
NV,Western,RABBIT,1983,14850,3267,11608
NV,Western,RABBIT,1984,20343,3543,17701
NV,Western,RABBIT,1985,8780,1745,7978
NV,Western,RABBIT,1986,7222,2015,7268
NV,Western,RABBIT,1987,8817,2069,7081
NV,Western,RABBIT,1988,11240,2199,8554
NV,Western,RABBIT,1989,10745,2004,8819
NV,Western,RABBIT,1990,14071,2344,8336
NV,Western,RABBIT,1991,9560,1836,6996
NV,Western,RABBIT,1992,13248,1677,8752
NV,Western,RABBIT,1993,7454,1452,8282
NV,Western,RABBIT,1994,8860,1721,7864
NV,Western,RABBIT,1995,7004,1393,6531
NV,Western,RABBIT,1996,4952,1337,4143
NV,Western,RABBIT,1997,5655,1550,5976
NV,Western,RABBIT,1998,6303,991,4697
NV,Western,RABBIT,1999,3482,1043,3617
NV,Western,RABBIT,2000,3238,874,3211
NV,Western,RABBIT,2001,3365,604,2740
NV,Western,RABBIT,2002,3964,879,4009
NV,Western,RABBIT,2003,4158,987,2965
NV,Western,RABBIT,2004,4645,974,4173
NV,Western,RABBIT,2005,8592,673,4908
NV,Western,RABBIT,2006,8033,903,4252
NV,Western,RABBIT,2007,1606,176,1103
NV,Western,RABBIT,2008,5363,1028,5211
NV,Western,RABBIT,2009,8776,1637,9100
NV,Western,RABBIT,2010,6447,1265,5783
NV,Western,RABBIT,2011,6942,1050,8006
NV,Western,RABBIT,2012,3671,1017,5355
NV,Western,RABBIT,2013,1943,507,2637
NV,Western,RABBIT,2014,2494,658,3625
NV,Western,RABBIT,2015,1751,375,1977
NV,Western,RABBIT,2016,2523,456,2511
NV,Western,RABBIT,2017,1757,394,1911
NV,Western,DOVE,1976,36630,3761,10585
NV,Western,DOVE,1977,49940,4892,14511
NV,Western,DOVE,1978,42701,4460,12101
NV,Western,DOVE,1979,36872,4291,10288
NV,Western,DOVE,1980,71781,5811,15688
NV,Western,DOVE,1981,52832,5106,13915
NV,Western,DOVE,1982,49741,5263,14691
NV,Western,DOVE,1983,49381,4323,11269
NV,Western,DOVE,1984,32578,4588,10130
NV,Western,DOVE,1985,24554,2909,7659
NV,Western,DOVE,1986,27196,3101,7400
NV,Western,DOVE,1987,28740,2874,8293
NV,Western,DOVE,1988,21936,2694,5843
NV,Western,DOVE,1989,25056,2774,7234
NV,Western,DOVE,1990,28725,3027,7374
NV,Western,DOVE,1991,28126,3102,8595
NV,Western,DOVE,1992,19444,2376,5805
NV,Western,DOVE,1993,24626,2623,7985
NV,Western,DOVE,1994,28171,3105,9511
NV,Western,DOVE,1995,29740,2906,7591
NV,Western,DOVE,1996,23806,2653,6444
NV,Western,DOVE,1997,21179,2830,7057
NV,Western,DOVE,1998,23444,2399,5946
NV,Western,DOVE,1999,17387,2044,5651
NV,Western,DOVE,2000,24333,1833,5598
NV,Western,DOVE,2001,14576,1553,4029
NV,Western,DOVE,2002,36663,2635,7571
NV,Western,DOVE,2003,19241,2119,5109
NV,Western,DOVE,2004,19086,1878,5337
NV,Western,DOVE,2005,31813,2740,9290
NV,Western,DOVE,2006,36387,2981,8939
NV,Western,DOVE,2007,,,
NV,Western,DOVE,2008,,,
NV,Western,DOVE,2009,,,
NV,Western,DOVE,2010,,,
NV,Western,DOVE,2011,,,
NV,Western,DOVE,2012,,,
NV,Western,DOVE,2013,,,
NV,Western,DOVE,2014,,,
NV,Western,DOVE,2015,,,
NV,Western,DOVE,2016,,,
NV,Western,DOVE,2017,,,
NV,Eastern,SAGE_GROUSE,1976,11530,4105,9112
NV,Eastern,SAGE_GROUSE,1977,5705,3106,5741
NV,Eastern,SAGE_GROUSE,1978,11195,4010,8463
NV,Eastern,SAGE_GROUSE,1979,18862,4911,11474
NV,Eastern,SAGE_GROUSE,1980,11644,4412,9121
NV,Eastern,SAGE_GROUSE,1981,11546,4682,9287
NV,Eastern,SAGE_GROUSE,1982,10474,4613,9123
NV,Eastern,SAGE_GROUSE,1983,10220,4088,7997
NV,Eastern,SAGE_GROUSE,1984,6751,3303,6600
NV,Eastern,SAGE_GROUSE,1985,22,11,30
NV,Eastern,SAGE_GROUSE,1986,2254,1242,2201
NV,Eastern,SAGE_GROUSE,1987,5278,2084,4153
NV,Eastern,SAGE_GROUSE,1988,3871,1940,4472
NV,Eastern,SAGE_GROUSE,1989,5411,2345,4538
NV,Eastern,SAGE_GROUSE,1990,10031,3607,9092
NV,Eastern,SAGE_GROUSE,1991,8779,3429,8402
NV,Eastern,SAGE_GROUSE,1992,9268,3308,7901
NV,Eastern,SAGE_GROUSE,1993,7360,3055,6955
NV,Eastern,SAGE_GROUSE,1994,6035,2816,6323
NV,Eastern,SAGE_GROUSE,1995,5179,2575,6458
NV,Eastern,SAGE_GROUSE,1996,5445,2443,5499
NV,Eastern,SAGE_GROUSE,1997,3350,2261,6210
NV,Eastern,SAGE_GROUSE,1998,4410,2391,5964
NV,Eastern,SAGE_GROUSE,1999,3971,2043,4672
NV,Eastern,SAGE_GROUSE,2000,2599,1538,3547
NV,Eastern,SAGE_GROUSE,2001,1190,927,1876
NV,Eastern,SAGE_GROUSE,2002,1904,1301,2493
NV,Eastern,SAGE_GROUSE,2003,1723,911,1820
NV,Eastern,SAGE_GROUSE,2004,2539,1162,2278
NV,Eastern,SAGE_GROUSE,2005,1671,808,2275
NV,Eastern,SAGE_GROUSE,2006,1835,991,2212
NV,Eastern,SAGE_GROUSE,2007,2655,1527,3391
NV,Eastern,SAGE_GROUSE,2008,3454,1722,4002
NV,Eastern,SAGE_GROUSE,2009,4295,2232,5011
NV,Eastern,SAGE_GROUSE,2010,3829,1846,4042
NV,Eastern,SAGE_GROUSE,2011,2314,997,2680
NV,Eastern,SAGE_GROUSE,2012,1677,950,2158
NV,Eastern,SAGE_GROUSE,2013,1359,838,1624
NV,Eastern,SAGE_GROUSE,2014,2021,1023,2241
NV,Eastern,SAGE_GROUSE,2015,2715,771,1999
NV,Eastern,SAGE_GROUSE,2016,1324,694,1362
NV,Eastern,SAGE_GROUSE,2017,1522,820,1796
NV,Eastern,DUSKY_GROUSE,1976,1254,662,1666
NV,Eastern,DUSKY_GROUSE,1977,1286,666,4117
NV,Eastern,DUSKY_GROUSE,1978,2392,1081,2766
NV,Eastern,DUSKY_GROUSE,1979,2650,1263,1384
NV,Eastern,DUSKY_GROUSE,1980,1590,876,2108
NV,Eastern,DUSKY_GROUSE,1981,1589,1251,2615
NV,Eastern,DUSKY_GROUSE,1982,1602,1099,2973
NV,Eastern,DUSKY_GROUSE,1983,1399,904,2073
NV,Eastern,DUSKY_GROUSE,1984,894,808,1672
NV,Eastern,DUSKY_GROUSE,1985,772,409,1128
NV,Eastern,DUSKY_GROUSE,1986,1491,540,1329
NV,Eastern,DUSKY_GROUSE,1987,1251,611,1424
NV,Eastern,DUSKY_GROUSE,1988,1354,841,2035
NV,Eastern,DUSKY_GROUSE,1989,1831,750,1581
NV,Eastern,DUSKY_GROUSE,1990,901,781,1512
NV,Eastern,DUSKY_GROUSE,1991,901,781,1512
NV,Eastern,DUSKY_GROUSE,1992,2693,1055,2808
NV,Eastern,DUSKY_GROUSE,1993,979,735,1948
NV,Eastern,DUSKY_GROUSE,1994,633,491,1113
NV,Eastern,DUSKY_GROUSE,1995,991,648,1585
NV,Eastern,DUSKY_GROUSE,1996,1433,613,1615
NV,Eastern,DUSKY_GROUSE,1997,822,727,1431
NV,Eastern,DUSKY_GROUSE,1998,966,501,1100
NV,Eastern,DUSKY_GROUSE,1999,1298,614,1480
NV,Eastern,DUSKY_GROUSE,2000,636,622,1386
NV,Eastern,DUSKY_GROUSE,2001,1041,452,1243
NV,Eastern,DUSKY_GROUSE,2002,811,576,1208
NV,Eastern,DUSKY_GROUSE,2003,1144,471,1018
NV,Eastern,DUSKY_GROUSE,2004,456,311,583
NV,Eastern,DUSKY_GROUSE,2005,1758,879,2047
NV,Eastern,DUSKY_GROUSE,2006,2400,1319,2954
NV,Eastern,DUSKY_GROUSE,2007,1058,861,1940
NV,Eastern,DUSKY_GROUSE,2008,1374,863,1951
NV,Eastern,DUSKY_GROUSE,2009,2140,1142,3287
NV,Eastern,DUSKY_GROUSE,2010,1109,771,1826
NV,Eastern,DUSKY_GROUSE,2011,614,451,1327
NV,Eastern,DUSKY_GROUSE,2012,970,651,1686
NV,Eastern,DUSKY_GROUSE,2013,637,467,1265
NV,Eastern,DUSKY_GROUSE,2014,1204,633,1825
NV,Eastern,DUSKY_GROUSE,2015,581,378,916
NV,Eastern,DUSKY_GROUSE,2016,358,279,610
NV,Eastern,DUSKY_GROUSE,2017,605,377,811
NV,Eastern,RUFFED_GROUSE,1976,,,
NV,Eastern,RUFFED_GROUSE,1977,,,
NV,Eastern,RUFFED_GROUSE,1978,,,
NV,Eastern,RUFFED_GROUSE,1979,,,
NV,Eastern,RUFFED_GROUSE,1980,,,
NV,Eastern,RUFFED_GROUSE,1981,,,
NV,Eastern,RUFFED_GROUSE,1982,,,
NV,Eastern,RUFFED_GROUSE,1983,,,
NV,Eastern,RUFFED_GROUSE,1984,,,
NV,Eastern,RUFFED_GROUSE,1985,,,
NV,Eastern,RUFFED_GROUSE,1986,,,
NV,Eastern,RUFFED_GROUSE,1987,,,
NV,Eastern,RUFFED_GROUSE,1988,,,
NV,Eastern,RUFFED_GROUSE,1989,,,
NV,Eastern,RUFFED_GROUSE,1990,,,
NV,Eastern,RUFFED_GROUSE,1991,,,
NV,Eastern,RUFFED_GROUSE,1992,,,
NV,Eastern,RUFFED_GROUSE,1993,,,
NV,Eastern,RUFFED_GROUSE,1994,,,
NV,Eastern,RUFFED_GROUSE,1995,,,
NV,Eastern,RUFFED_GROUSE,1996,,,
NV,Eastern,RUFFED_GROUSE,1997,,,
NV,Eastern,RUFFED_GROUSE,1998,,,
NV,Eastern,RUFFED_GROUSE,1999,,,
NV,Eastern,RUFFED_GROUSE,2000,,,
NV,Eastern,RUFFED_GROUSE,2001,,,
NV,Eastern,RUFFED_GROUSE,2002,,,
NV,Eastern,RUFFED_GROUSE,2003,,,
NV,Eastern,RUFFED_GROUSE,2004,,,
NV,Eastern,RUFFED_GROUSE,2005,16,35,82
NV,Eastern,RUFFED_GROUSE,2006,25,22,38
NV,Eastern,RUFFED_GROUSE,2007,223,531,1400
NV,Eastern,RUFFED_GROUSE,2008,268,245,571
NV,Eastern,RUFFED_GROUSE,2009,649,413,1359
NV,Eastern,RUFFED_GROUSE,2010,140,212,553
NV,Eastern,RUFFED_GROUSE,2011,166,153,596
NV,Eastern,RUFFED_GROUSE,2012,435,268,642
NV,Eastern,RUFFED_GROUSE,2013,272,143,459
NV,Eastern,RUFFED_GROUSE,2014,534,229,704
NV,Eastern,RUFFED_GROUSE,2015,410,217,540
NV,Eastern,RUFFED_GROUSE,2016,115,165,369
NV,Eastern,RUFFED_GROUSE,2017,167,142,443
NV,Eastern,CHUKAR,1976,18888,3678,14472
NV,Eastern,CHUKAR,1977,10760,2390,9674
NV,Eastern,CHUKAR,1978,18747,2578,11259
NV,Eastern,CHUKAR,1979,33983,3905,14870
NV,Eastern,CHUKAR,1980,53949,5480,18204
NV,Eastern,CHUKAR,1981,34766,5841,12899
NV,Eastern,CHUKAR,1982,16783,4466,13381
NV,Eastern,CHUKAR,1983,19228,3542,11108
NV,Eastern,CHUKAR,1984,834,542,1390
NV,Eastern,CHUKAR,1985,1393,906,1990
NV,Eastern,CHUKAR,1986,15902,1927,8885
NV,Eastern,CHUKAR,1987,9214,1894,5608
NV,Eastern,CHUKAR,1988,26948,2810,12324
NV,Eastern,CHUKAR,1989,28280,3061,16050
NV,Eastern,CHUKAR,1990,27822,3241,12296
NV,Eastern,CHUKAR,1991,12596,2504,9530
NV,Eastern,CHUKAR,1992,16534,2334,10014
NV,Eastern,CHUKAR,1993,3941,1669,6207
NV,Eastern,CHUKAR,1994,6581,1271,4758
NV,Eastern,CHUKAR,1995,14345,2474,8470
NV,Eastern,CHUKAR,1996,18917,2401,10079
NV,Eastern,CHUKAR,1997,9428,2223,8446
NV,Eastern,CHUKAR,1998,20107,2391,10226
NV,Eastern,CHUKAR,1999,32248,3855,16808
NV,Eastern,CHUKAR,2000,15575,2899,10443
NV,Eastern,CHUKAR,2001,17757,2422,9383
NV,Eastern,CHUKAR,2002,18893,2950,11406
NV,Eastern,CHUKAR,2003,32119,3610,14745
NV,Eastern,CHUKAR,2004,14665,2289,7782
NV,Eastern,CHUKAR,2005,30475,4095,17986
NV,Eastern,CHUKAR,2006,25463,2870,13478
NV,Eastern,CHUKAR,2007,17709,3271,14381
NV,Eastern,CHUKAR,2008,10579,2275,9417
NV,Eastern,CHUKAR,2009,15172,2758,11473
NV,Eastern,CHUKAR,2010,14103,3105,12629
NV,Eastern,CHUKAR,2011,18116,2100,11424
NV,Eastern,CHUKAR,2012,13293,2348,9766
NV,Eastern,CHUKAR,2013,13187,3088,13055
NV,Eastern,CHUKAR,2014,21858,4192,18010
NV,Eastern,CHUKAR,2015,12936,2121,8522
NV,Eastern,CHUKAR,2016,10516,1753,7226
NV,Eastern,CHUKAR,2017,17124,2305,11397
NV,Eastern,HUNGARIAN_PART,1976,1175,611,2254
NV,Eastern,HUNGARIAN_PART,1977,1324,482,1509
NV,Eastern,HUNGARIAN_PART,1978,1526,476,1413
NV,Eastern,HUNGARIAN_PART,1979,1788,735,1993
NV,Eastern,HUNGARIAN_PART,1980,2928,987,2503
NV,Eastern,HUNGARIAN_PART,1981,6019,970,3556
NV,Eastern,HUNGARIAN_PART,1982,1615,860,2354
NV,Eastern,HUNGARIAN_PART,1983,1581,529,1501
NV,Eastern,HUNGARIAN_PART,1984,1391,535,2457
NV,Eastern,HUNGARIAN_PART,1985,194,366,501
NV,Eastern,HUNGARIAN_PART,1986,1094,432,2358
NV,Eastern,HUNGARIAN_PART,1987,1228,468,1023
NV,Eastern,HUNGARIAN_PART,1988,2327,677,2115
NV,Eastern,HUNGARIAN_PART,1989,689,354,2272
NV,Eastern,HUNGARIAN_PART,1990,1802,637,1584
NV,Eastern,HUNGARIAN_PART,1991,808,350,1147
NV,Eastern,HUNGARIAN_PART,1992,416,248,571
NV,Eastern,HUNGARIAN_PART,1993,288,227,514
NV,Eastern,HUNGARIAN_PART,1994,66,108,337
NV,Eastern,HUNGARIAN_PART,1995,1005,317,982
NV,Eastern,HUNGARIAN_PART,1996,567,330,471
NV,Eastern,HUNGARIAN_PART,1997,575,226,854
NV,Eastern,HUNGARIAN_PART,1998,1898,506,1381
NV,Eastern,HUNGARIAN_PART,1999,5497,1135,3266
NV,Eastern,HUNGARIAN_PART,2000,1435,553,2265
NV,Eastern,HUNGARIAN_PART,2001,1698,433,1724
NV,Eastern,HUNGARIAN_PART,2002,895,337,674
NV,Eastern,HUNGARIAN_PART,2003,1297,527,1350
NV,Eastern,HUNGARIAN_PART,2004,855,252,856
NV,Eastern,HUNGARIAN_PART,2005,1488,807,3435
NV,Eastern,HUNGARIAN_PART,2006,1373,864,2684
NV,Eastern,HUNGARIAN_PART,2007,752,561,2669
NV,Eastern,HUNGARIAN_PART,2008,727,545,2213
NV,Eastern,HUNGARIAN_PART,2009,1187,675,1960
NV,Eastern,HUNGARIAN_PART,2010,1572,750,3752
NV,Eastern,HUNGARIAN_PART,2011,1625,564,2445
NV,Eastern,HUNGARIAN_PART,2012,1823,683,2838
NV,Eastern,HUNGARIAN_PART,2013,517,346,1595
NV,Eastern,HUNGARIAN_PART,2014,1072,411,1452
NV,Eastern,HUNGARIAN_PART,2015,963,269,1089
NV,Eastern,HUNGARIAN_PART,2016,575,220,1061
NV,Eastern,HUNGARIAN_PART,2017,1485,329,1563
NV,Eastern,CALIFORNIA_QUAIL,1976,196,377,622
NV,Eastern,CALIFORNIA_QUAIL,1977,722,159,434
NV,Eastern,CALIFORNIA_QUAIL,1978,585,155,465
NV,Eastern,CALIFORNIA_QUAIL,1979,2658,472,1491
NV,Eastern,CALIFORNIA_QUAIL,1980,1832,296,964
NV,Eastern,CALIFORNIA_QUAIL,1981,2700,534,1414
NV,Eastern,CALIFORNIA_QUAIL,1982,2324,548,1835
NV,Eastern,CALIFORNIA_QUAIL,1983,490,212,729
NV,Eastern,CALIFORNIA_QUAIL,1984,1050,269,837
NV,Eastern,CALIFORNIA_QUAIL,1985,170,90,251
NV,Eastern,CALIFORNIA_QUAIL,1986,595,226,1285
NV,Eastern,CALIFORNIA_QUAIL,1987,1014,280,662
NV,Eastern,CALIFORNIA_QUAIL,1988,956,21,482
NV,Eastern,CALIFORNIA_QUAIL,1989,663,239,655
NV,Eastern,CALIFORNIA_QUAIL,1990,481,221,641
NV,Eastern,CALIFORNIA_QUAIL,1991,235,109,272
NV,Eastern,CALIFORNIA_QUAIL,1992,544,174,410
NV,Eastern,CALIFORNIA_QUAIL,1993,65,70,240
NV,Eastern,CALIFORNIA_QUAIL,1994,86,79,193
NV,Eastern,CALIFORNIA_QUAIL,1995,127,100,273
NV,Eastern,CALIFORNIA_QUAIL,1996,59,98,379
NV,Eastern,CALIFORNIA_QUAIL,1997,200,118,913
NV,Eastern,CALIFORNIA_QUAIL,1998,140,100,254
NV,Eastern,CALIFORNIA_QUAIL,1999,1141,269,553
NV,Eastern,CALIFORNIA_QUAIL,2000,469,139,511
NV,Eastern,CALIFORNIA_QUAIL,2001,125,59,129
NV,Eastern,CALIFORNIA_QUAIL,2002,103,56,119
NV,Eastern,CALIFORNIA_QUAIL,2003,328,146,281
NV,Eastern,CALIFORNIA_QUAIL,2004,160,33,133
NV,Eastern,CALIFORNIA_QUAIL,2005,270,63,187
NV,Eastern,CALIFORNIA_QUAIL,2006,787,49,221
NV,Eastern,CALIFORNIA_QUAIL,2007,256,114,277
NV,Eastern,CALIFORNIA_QUAIL,2008,430,125,314
NV,Eastern,CALIFORNIA_QUAIL,2009,313,122,493
NV,Eastern,CALIFORNIA_QUAIL,2010,236,94,301
NV,Eastern,CALIFORNIA_QUAIL,2011,557,62,234
NV,Eastern,CALIFORNIA_QUAIL,2012,289,79,293
NV,Eastern,CALIFORNIA_QUAIL,2013,191,72,367
NV,Eastern,CALIFORNIA_QUAIL,2014,20,34,135
NV,Eastern,CALIFORNIA_QUAIL,2015,67,33,76
NV,Eastern,CALIFORNIA_QUAIL,2016,51,39,295
NV,Eastern,CALIFORNIA_QUAIL,2017,225,55,247
NV,Eastern,PHEASANTS,1976,74,48,119
NV,Eastern,PHEASANTS,1977,231,318,237
NV,Eastern,PHEASANTS,1978,210,86,212
NV,Eastern,PHEASANTS,1979,149,78,297
NV,Eastern,PHEASANTS,1980,160,259,196
NV,Eastern,PHEASANTS,1981,13,16,52
NV,Eastern,PHEASANTS,1982,101,35,60
NV,Eastern,PHEASANTS,1983,40,18,29
NV,Eastern,PHEASANTS,1984,65,30,61
NV,Eastern,PHEASANTS,1985,63,35,49
NV,Eastern,PHEASANTS,1986,11,26,43
NV,Eastern,PHEASANTS,1987,121,35,55
NV,Eastern,PHEASANTS,1988,145,65,96
NV,Eastern,PHEASANTS,1989,15,53,61
NV,Eastern,PHEASANTS,1990,128,79,103
NV,Eastern,PHEASANTS,1991,156,96,168
NV,Eastern,PHEASANTS,1992,121,104,185
NV,Eastern,PHEASANTS,1993,12,56,76
NV,Eastern,PHEASANTS,1994,251,62,326
NV,Eastern,PHEASANTS,1995,16,26,53
NV,Eastern,PHEASANTS,1996,125,35,44
NV,Eastern,PHEASANTS,1997,11,20,103
NV,Eastern,PHEASANTS,1998,314,117,322
NV,Eastern,PHEASANTS,1999,129,134,234
NV,Eastern,PHEASANTS,2000,17,45,54
NV,Eastern,PHEASANTS,2001,32,18,26
NV,Eastern,PHEASANTS,2002,8,6,10
NV,Eastern,PHEASANTS,2003,103,38,108
NV,Eastern,PHEASANTS,2004,59,20,41
NV,Eastern,PHEASANTS,2005,47,19,76
NV,Eastern,PHEASANTS,2006,47,19,60
NV,Eastern,PHEASANTS,2007,20,20,82
NV,Eastern,PHEASANTS,2008,18,30,48
NV,Eastern,PHEASANTS,2009,74,74,147
NV,Eastern,PHEASANTS,2010,55,21,34
NV,Eastern,PHEASANTS,2011,38,27,69
NV,Eastern,PHEASANTS,2012,62,57,132
NV,Eastern,PHEASANTS,2013,58,18,71
NV,Eastern,PHEASANTS,2014,40,11,40
NV,Eastern,PHEASANTS,2015,27,9,36
NV,Eastern,PHEASANTS,2016,11,11,30
NV,Eastern,PHEASANTS,2017,78,25,45
NV,Eastern,RABBIT,1976,8509,1513,6681
NV,Eastern,RABBIT,1977,17005,2070,10409
NV,Eastern,RABBIT,1978,15026,1943,7476
NV,Eastern,RABBIT,1979,16764,2203,9189
NV,Eastern,RABBIT,1980,20057,2198,10154
NV,Eastern,RABBIT,1981,17729,2318,8871
NV,Eastern,RABBIT,1982,18994,2500,11208
NV,Eastern,RABBIT,1983,11701,1682,7991
NV,Eastern,RABBIT,1984,4841,1289,4401
NV,Eastern,RABBIT,1985,1716,500,1700
NV,Eastern,RABBIT,1986,3618,802,1787
NV,Eastern,RABBIT,1987,8208,1067,4462
NV,Eastern,RABBIT,1988,12047,1498,6456
NV,Eastern,RABBIT,1989,11449,1507,5999
NV,Eastern,RABBIT,1990,19239,1629,7347
NV,Eastern,RABBIT,1991,7390,1555,5184
NV,Eastern,RABBIT,1992,17642,1447,5923
NV,Eastern,RABBIT,1993,2448,952,3316
NV,Eastern,RABBIT,1994,4956,764,3785
NV,Eastern,RABBIT,1995,2617,805,2427
NV,Eastern,RABBIT,1996,6803,840,3318
NV,Eastern,RABBIT,1997,1882,754,3146
NV,Eastern,RABBIT,1998,3765,892,3452
NV,Eastern,RABBIT,1999,4633,943,3515
NV,Eastern,RABBIT,2000,4376,763,2828
NV,Eastern,RABBIT,2001,3371,522,1779
NV,Eastern,RABBIT,2002,1132,422,1090
NV,Eastern,RABBIT,2003,5104,772,3131
NV,Eastern,RABBIT,2004,9245,489,2360
NV,Eastern,RABBIT,2005,5234,444,2324
NV,Eastern,RABBIT,2006,19932,545,2760
NV,Eastern,RABBIT,2007,1187,95,474
NV,Eastern,RABBIT,2008,4739,502,2616
NV,Eastern,RABBIT,2009,3876,557,2920
NV,Eastern,RABBIT,2010,2470,447,1931
NV,Eastern,RABBIT,2011,1015,208,1307
NV,Eastern,RABBIT,2012,2191,420,1857
NV,Eastern,RABBIT,2013,959,212,1205
NV,Eastern,RABBIT,2014,1769,339,1882
NV,Eastern,RABBIT,2015,2136,265,1313
NV,Eastern,RABBIT,2016,796,144,484
NV,Eastern,RABBIT,2017,419,116,514
NV,Eastern,DOVE,1976,9332,880,2878
NV,Eastern,DOVE,1977,8203,722,2867
NV,Eastern,DOVE,1978,6774,766,1930
NV,Eastern,DOVE,1979,9595,865,2686
NV,Eastern,DOVE,1980,12462,980,3104
NV,Eastern,DOVE,1981,8444,848,2149
NV,Eastern,DOVE,1982,12078,1291,4021
NV,Eastern,DOVE,1983,8503,972,2364
NV,Eastern,DOVE,1984,7405,846,2227
NV,Eastern,DOVE,1985,4980,551,1312
NV,Eastern,DOVE,1986,7040,735,2239
NV,Eastern,DOVE,1987,4934,622,2077
NV,Eastern,DOVE,1988,3972,585,1450
NV,Eastern,DOVE,1989,6697,779,2410
NV,Eastern,DOVE,1990,7067,661,1895
NV,Eastern,DOVE,1991,5933,779,1947
NV,Eastern,DOVE,1992,2704,460,912
NV,Eastern,DOVE,1993,6795,734,1734
NV,Eastern,DOVE,1994,8678,893,2258
NV,Eastern,DOVE,1995,6440,686,1930
NV,Eastern,DOVE,1996,4849,579,1386
NV,Eastern,DOVE,1997,10185,979,2830
NV,Eastern,DOVE,1998,9436,825,2094
NV,Eastern,DOVE,1999,4632,748,2097
NV,Eastern,DOVE,2000,5819,773,2303
NV,Eastern,DOVE,2001,4755,611,1226
NV,Eastern,DOVE,2002,6260,848,1579
NV,Eastern,DOVE,2003,3859,602,1148
NV,Eastern,DOVE,2004,2478,392,743
NV,Eastern,DOVE,2005,5380,580,1900
NV,Eastern,DOVE,2006,5497,673,1508
NV,Eastern,DOVE,2007,,,
NV,Eastern,DOVE,2008,,,
NV,Eastern,DOVE,2009,,,
NV,Eastern,DOVE,2010,,,
NV,Eastern,DOVE,2011,,,
NV,Eastern,DOVE,2012,,,
NV,Eastern,DOVE,2013,,,
NV,Eastern,DOVE,2014,,,
NV,Eastern,DOVE,2015,,,
NV,Eastern,DOVE,2016,,,
NV,Eastern,DOVE,2017,,,
NV,Southern,SAGE_GROUSE,1976,718,571,1039
NV,Southern,SAGE_GROUSE,1977,457,445,729
NV,Southern,SAGE_GROUSE,1978,1952,724,1442
NV,Southern,SAGE_GROUSE,1979,1676,800,1786
NV,Southern,SAGE_GROUSE,1980,742,498,936
NV,Southern,SAGE_GROUSE,1981,1107,500,941
NV,Southern,SAGE_GROUSE,1982,899,680,1400
NV,Southern,SAGE_GROUSE,1983,844,515,933
NV,Southern,SAGE_GROUSE,1984,601,399,777
NV,Southern,SAGE_GROUSE,1985,9,3,3
NV,Southern,SAGE_GROUSE,1986,104,121,223
NV,Southern,SAGE_GROUSE,1987,413,308,452
NV,Southern,SAGE_GROUSE,1988,283,196,409
NV,Southern,SAGE_GROUSE,1989,486,396,662
NV,Southern,SAGE_GROUSE,1990,257,184,324
NV,Southern,SAGE_GROUSE,1991,300,239,446
NV,Southern,SAGE_GROUSE,1992,745,365,792
NV,Southern,SAGE_GROUSE,1993,508,385,782
NV,Southern,SAGE_GROUSE,1994,373,268,581
NV,Southern,SAGE_GROUSE,1995,648,399,696
NV,Southern,SAGE_GROUSE,1996,393,252,636
NV,Southern,SAGE_GROUSE,1997,331,247,430
NV,Southern,SAGE_GROUSE,1998,297,179,304
NV,Southern,SAGE_GROUSE,1999,147,171,409
NV,Southern,SAGE_GROUSE,2000,167,160,293
NV,Southern,SAGE_GROUSE,2001,301,149,262
NV,Southern,SAGE_GROUSE,2002,27,91,262
NV,Southern,SAGE_GROUSE,2003,32,33,67
NV,Southern,SAGE_GROUSE,2004,90,86,137
NV,Southern,SAGE_GROUSE,2005,119,112,292
NV,Southern,SAGE_GROUSE,2006,223,154,338
NV,Southern,SAGE_GROUSE,2007,406,204,449
NV,Southern,SAGE_GROUSE,2008,347,183,332
NV,Southern,SAGE_GROUSE,2009,332,207,447
NV,Southern,SAGE_GROUSE,2010,453,277,762
NV,Southern,SAGE_GROUSE,2011,301,120,388
NV,Southern,SAGE_GROUSE,2012,206,142,357
NV,Southern,SAGE_GROUSE,2013,77,106,255
NV,Southern,SAGE_GROUSE,2014,113,101,273
NV,Southern,SAGE_GROUSE,2015,88,83,134
NV,Southern,SAGE_GROUSE,2016,125,68,125
NV,Southern,SAGE_GROUSE,2017,160,109,206
NV,Southern,DUSKY_GROUSE,1976,43,29,62
NV,Southern,DUSKY_GROUSE,1977,0,30,68
NV,Southern,DUSKY_GROUSE,1978,16,41,67
NV,Southern,DUSKY_GROUSE,1979,47,44,67
NV,Southern,DUSKY_GROUSE,1980,12,43,80
NV,Southern,DUSKY_GROUSE,1981,21,113,193
NV,Southern,DUSKY_GROUSE,1982,64,94,321
NV,Southern,DUSKY_GROUSE,1983,133,73,129
NV,Southern,DUSKY_GROUSE,1984,31,31,39
NV,Southern,DUSKY_GROUSE,1985,46,106,195
NV,Southern,DUSKY_GROUSE,1986,44,39,73
NV,Southern,DUSKY_GROUSE,1987,98,66,114
NV,Southern,DUSKY_GROUSE,1988,0,55,108
NV,Southern,DUSKY_GROUSE,1989,34,63,92
NV,Southern,DUSKY_GROUSE,1990,27,46,195
NV,Southern,DUSKY_GROUSE,1991,41,50,93
NV,Southern,DUSKY_GROUSE,1992,180,74,150
NV,Southern,DUSKY_GROUSE,1993,56,76,147
NV,Southern,DUSKY_GROUSE,1994,6,26,206
NV,Southern,DUSKY_GROUSE,1995,186,94,168
NV,Southern,DUSKY_GROUSE,1996,24,17,48
NV,Southern,DUSKY_GROUSE,1997,75,46,112
NV,Southern,DUSKY_GROUSE,1998,44,15,36
NV,Southern,DUSKY_GROUSE,1999,29,37,54
NV,Southern,DUSKY_GROUSE,2000,28,35,61
NV,Southern,DUSKY_GROUSE,2001,33,33,49
NV,Southern,DUSKY_GROUSE,2002,9,12,127
NV,Southern,DUSKY_GROUSE,2003,16,19,60
NV,Southern,DUSKY_GROUSE,2004,7,17,38
NV,Southern,DUSKY_GROUSE,2005,34,118,389
NV,Southern,DUSKY_GROUSE,2006,0,53,79
NV,Southern,DUSKY_GROUSE,2007,101,70,195
NV,Southern,DUSKY_GROUSE,2008,22,72,139
NV,Southern,DUSKY_GROUSE,2009,79,114,262
NV,Southern,DUSKY_GROUSE,2010,54,72,272
NV,Southern,DUSKY_GROUSE,2011,87,53,182
NV,Southern,DUSKY_GROUSE,2012,61,48,122
NV,Southern,DUSKY_GROUSE,2013,19,15,39
NV,Southern,DUSKY_GROUSE,2014,25,31,111
NV,Southern,DUSKY_GROUSE,2015,5,9,38
NV,Southern,DUSKY_GROUSE,2016,53,8,23
NV,Southern,DUSKY_GROUSE,2017,61,22,31
NV,Southern,CHUKAR,1976,1513,471,1015
NV,Southern,CHUKAR,1977,1350,422,1203
NV,Southern,CHUKAR,1978,10829,1678,5983
NV,Southern,CHUKAR,1979,11952,1919,10160
NV,Southern,CHUKAR,1980,8535,1637,4393
NV,Southern,CHUKAR,1981,1588,742,1984
NV,Southern,CHUKAR,1982,588,908,2153
NV,Southern,CHUKAR,1983,3237,851,7688
NV,Southern,CHUKAR,1984,834,542,1390
NV,Southern,CHUKAR,1985,1393,906,1990
NV,Southern,CHUKAR,1986,1252,631,1857
NV,Southern,CHUKAR,1987,742,571,1418
NV,Southern,CHUKAR,1988,283,435,1605
NV,Southern,CHUKAR,1989,1474,688,1549
NV,Southern,CHUKAR,1990,591,377,851
NV,Southern,CHUKAR,1991,857,518,1253
NV,Southern,CHUKAR,1992,5645,675,2130
NV,Southern,CHUKAR,1993,6992,1372,5541
NV,Southern,CHUKAR,1994,731,704,2084
NV,Southern,CHUKAR,1995,4052,1434,4065
NV,Southern,CHUKAR,1996,1478,802,2134
NV,Southern,CHUKAR,1997,1056,618,3458
NV,Southern,CHUKAR,1998,5352,1321,3831
NV,Southern,CHUKAR,1999,2194,1188,3740
NV,Southern,CHUKAR,2000,2754,1012,3148
NV,Southern,CHUKAR,2001,6401,1314,6011
NV,Southern,CHUKAR,2002,796,1028,2743
NV,Southern,CHUKAR,2003,2974,753,2746
NV,Southern,CHUKAR,2004,4642,716,3064
NV,Southern,CHUKAR,2005,4335,1385,4869
NV,Southern,CHUKAR,2006,4472,1034,3459
NV,Southern,CHUKAR,2007,1695,1590,6885
NV,Southern,CHUKAR,2008,3707,1221,5198
NV,Southern,CHUKAR,2009,6116,1755,4645
NV,Southern,CHUKAR,2010,4923,1620,4204
NV,Southern,CHUKAR,2011,5551,1180,5595
NV,Southern,CHUKAR,2012,1173,1105,3764
NV,Southern,CHUKAR,2013,1380,1368,4706
NV,Southern,CHUKAR,2014,1127,1166,3896
NV,Southern,CHUKAR,2015,745,557,1939
NV,Southern,CHUKAR,2016,5738,674,2695
NV,Southern,CHUKAR,2017,2606,912,3751
NV,Southern,GAMBEL'S_QUAIL,1976,44036,5923,20761
NV,Southern,GAMBEL'S_QUAIL,1977,37546,4435,16948
NV,Southern,GAMBEL'S_QUAIL,1978,52313,4675,16974
NV,Southern,GAMBEL'S_QUAIL,1979,123822,6990,34138
NV,Southern,GAMBEL'S_QUAIL,1980,83492,7432,27887
NV,Southern,GAMBEL'S_QUAIL,1981,23723,5157,14371
NV,Southern,GAMBEL'S_QUAIL,1982,16275,4959,14879
NV,Southern,GAMBEL'S_QUAIL,1983,47330,4801,21006
NV,Southern,GAMBEL'S_QUAIL,1984,25726,3563,14821
NV,Southern,GAMBEL'S_QUAIL,1985,38547,3970,15985
NV,Southern,GAMBEL'S_QUAIL,1986,25702,3826,13103
NV,Southern,GAMBEL'S_QUAIL,1987,24326,3295,12306
NV,Southern,GAMBEL'S_QUAIL,1988,34190,3398,13630
NV,Southern,GAMBEL'S_QUAIL,1989,9067,2237,6624
NV,Southern,GAMBEL'S_QUAIL,1990,5686,1967,6073
NV,Southern,GAMBEL'S_QUAIL,1991,13396,2593,8727
NV,Southern,GAMBEL'S_QUAIL,1992,19249,2586,7423
NV,Southern,GAMBEL'S_QUAIL,1993,46805,3324,15340
NV,Southern,GAMBEL'S_QUAIL,1994,21382,2604,12756
NV,Southern,GAMBEL'S_QUAIL,1995,30453,3241,13724
NV,Southern,GAMBEL'S_QUAIL,1996,5384,1706,6886
NV,Southern,GAMBEL'S_QUAIL,1997,12827,2447,8607
NV,Southern,GAMBEL'S_QUAIL,1998,29295,3176,12451
NV,Southern,GAMBEL'S_QUAIL,1999,19098,2676,9732
NV,Southern,GAMBEL'S_QUAIL,2000,11413,2176,7995
NV,Southern,GAMBEL'S_QUAIL,2001,17753,1905,9475
NV,Southern,GAMBEL'S_QUAIL,2002,4771,1715,6566
NV,Southern,GAMBEL'S_QUAIL,2003,19279,2351,7597
NV,Southern,GAMBEL'S_QUAIL,2004,18587,1392,7145
NV,Southern,GAMBEL'S_QUAIL,2005,20241,1443,6656
NV,Southern,GAMBEL'S_QUAIL,2006,17861,1981,7280
NV,Southern,GAMBEL'S_QUAIL,2007,14783,3928,17526
NV,Southern,GAMBEL'S_QUAIL,2008,16516,3258,12815
NV,Southern,GAMBEL'S_QUAIL,2009,20640,3288,13448
NV,Southern,GAMBEL'S_QUAIL,2010,18863,2672,10625
NV,Southern,GAMBEL'S_QUAIL,2011,25471,1959,11778
NV,Southern,GAMBEL'S_QUAIL,2012,7632,1886,7840
NV,Southern,GAMBEL'S_QUAIL,2013,8482,1895,7524
NV,Southern,GAMBEL'S_QUAIL,2014,6715,1733,7638
NV,Southern,GAMBEL'S_QUAIL,2015,4422,1057,4051
NV,Southern,GAMBEL'S_QUAIL,2016,5882,1029,4244
NV,Southern,GAMBEL'S_QUAIL,2017,7637,1286,5493
NV,Southern,PHEASANTS,1976,322,382,887
NV,Southern,PHEASANTS,1977,89,134,270
NV,Southern,PHEASANTS,1978,200,287,372
NV,Southern,PHEASANTS,1979,491,245,459
NV,Southern,PHEASANTS,1980,252,389,470
NV,Southern,PHEASANTS,1981,368,525,779
NV,Southern,PHEASANTS,1982,310,788,1130
NV,Southern,PHEASANTS,1983,169,615,613
NV,Southern,PHEASANTS,1984,210,504,700
NV,Southern,PHEASANTS,1985,151,228,378
NV,Southern,PHEASANTS,1986,523,342,651
NV,Southern,PHEASANTS,1987,381,312,572
NV,Southern,PHEASANTS,1988,788,398,768
NV,Southern,PHEASANTS,1989,76,161,186
NV,Southern,PHEASANTS,1990,51,236,262
NV,Southern,PHEASANTS,1991,305,215,441
NV,Southern,PHEASANTS,1992,160,216,250
NV,Southern,PHEASANTS,1993,209,280,289
NV,Southern,PHEASANTS,1994,807,510,803
NV,Southern,PHEASANTS,1995,8,85,89
NV,Southern,PHEASANTS,1996,9,48,48
NV,Southern,PHEASANTS,1997,8,62,88
NV,Southern,PHEASANTS,1998,68,89,191
NV,Southern,PHEASANTS,1999,0,89,121
NV,Southern,PHEASANTS,2000,0,85,119
NV,Southern,PHEASANTS,2001,16,13,13
NV,Southern,PHEASANTS,2002,69,36,68
NV,Southern,PHEASANTS,2003,53,29,38
NV,Southern,PHEASANTS,2004,89,10,59
NV,Southern,PHEASANTS,2005,19,6,15
NV,Southern,PHEASANTS,2006,0,0,0
NV,Southern,PHEASANTS,2007,13,33,141
NV,Southern,PHEASANTS,2008,18,65,113
NV,Southern,PHEASANTS,2009,40,34,62
NV,Southern,PHEASANTS,2010,14,34,164
NV,Southern,PHEASANTS,2011,4,19,38
NV,Southern,PHEASANTS,2012,0,13,57
NV,Southern,PHEASANTS,2013,0,4,9
NV,Southern,PHEASANTS,2014,0,11,29
NV,Southern,PHEASANTS,2015,0,14,23
NV,Southern,PHEASANTS,2016,0,4,4
NV,Southern,PHEASANTS,2017,12,8,8
NV,Southern,RABBIT,1976,31130,4690,19074
NV,Southern,RABBIT,1977,28354,4502,17592
NV,Southern,RABBIT,1978,47823,4891,24780
NV,Southern,RABBIT,1979,83900,6088,33781
NV,Southern,RABBIT,1980,54907,5418,27558
NV,Southern,RABBIT,1981,15729,3579,10066
NV,Southern,RABBIT,1982,10114,4005,12415
NV,Southern,RABBIT,1983,18793,3317,14532
NV,Southern,RABBIT,1984,15222,2952,12685
NV,Southern,RABBIT,1985,16769,3099,12899
NV,Southern,RABBIT,1986,14866,2838,11387
NV,Southern,RABBIT,1987,16445,2668,13540
NV,Southern,RABBIT,1988,21499,2818,11815
NV,Southern,RABBIT,1989,11147,2148,9098
NV,Southern,RABBIT,1990,5139,1553,5744
NV,Southern,RABBIT,1991,6615,1780,7750
NV,Southern,RABBIT,1992,9002,1985,6027
NV,Southern,RABBIT,1993,15915,2210,9571
NV,Southern,RABBIT,1994,6219,1496,6920
NV,Southern,RABBIT,1995,8909,1888,6988
NV,Southern,RABBIT,1996,4938,1208,6497
NV,Southern,RABBIT,1997,4243,1274,9401
NV,Southern,RABBIT,1998,8336,1533,7856
NV,Southern,RABBIT,1999,7068,1319,6777
NV,Southern,RABBIT,2000,4586,1112,3955
NV,Southern,RABBIT,2001,5937,1175,4716
NV,Southern,RABBIT,2002,2458,784,2759
NV,Southern,RABBIT,2003,5376,975,6230
NV,Southern,RABBIT,2004,3705,733,2954
NV,Southern,RABBIT,2005,4444,438,2579
NV,Southern,RABBIT,2006,11602,485,2760
NV,Southern,RABBIT,2007,1485,223,1351
NV,Southern,RABBIT,2008,5776,1160,5785
NV,Southern,RABBIT,2009,4901,1274,5154
NV,Southern,RABBIT,2010,2889,875,4176
NV,Southern,RABBIT,2011,3192,662,4119
NV,Southern,RABBIT,2012,2697,792,3663
NV,Southern,RABBIT,2013,2160,1259,2401
NV,Southern,RABBIT,2014,2082,565,2388
NV,Southern,RABBIT,2015,1564,409,2078
NV,Southern,RABBIT,2016,1712,324,1852
NV,Southern,RABBIT,2017,1820,307,1310
NV,Southern,DOVE,1976,100624,5898,23761
NV,Southern,DOVE,1977,67361,5223,17566
NV,Southern,DOVE,1978,63573,4634,14069
NV,Southern,DOVE,1979,78995,4868,17260
NV,Southern,DOVE,1980,59010,4786,12559
NV,Southern,DOVE,1981,59148,4110,14105
NV,Southern,DOVE,1982,50991,4398,13054
NV,Southern,DOVE,1983,57700,3739,13347
NV,Southern,DOVE,1984,45518,3312,12631
NV,Southern,DOVE,1985,51440,2975,11261
NV,Southern,DOVE,1986,35763,2325,7452
NV,Southern,DOVE,1987,32674,2256,8918
NV,Southern,DOVE,1988,29550,2216,8908
NV,Southern,DOVE,1989,20379,1907,5624
NV,Southern,DOVE,1990,24069,2009,6641
NV,Southern,DOVE,1991,24444,2444,7315
NV,Southern,DOVE,1992,27562,2037,6160
NV,Southern,DOVE,1993,23508,1939,6241
NV,Southern,DOVE,1994,31421,2175,8535
NV,Southern,DOVE,1995,25238,2278,6334
NV,Southern,DOVE,1996,25636,1711,6162
NV,Southern,DOVE,1997,25880,1865,5792
NV,Southern,DOVE,1998,20258,1738,6520
NV,Southern,DOVE,1999,19048,1490,5260
NV,Southern,DOVE,2000,15801,1592,4515
NV,Southern,DOVE,2001,12415,1199,3477
NV,Southern,DOVE,2002,20054,1872,5962
NV,Southern,DOVE,2003,14650,1353,3920
NV,Southern,DOVE,2004,13086,1164,3539
NV,Southern,DOVE,2005,13171,1080,3390
NV,Southern,DOVE,2006,11967,936,3203
NV,Southern,DOVE,2007,,,
NV,Southern,DOVE,2008,,,
NV,Southern,DOVE,2009,,,
NV,Southern,DOVE,2010,,,
NV,Southern,DOVE,2011,,,
NV,Southern,DOVE,2012,,,
NV,Southern,DOVE,2013,,,
NV,Southern,DOVE,2014,,,
NV,Southern,DOVE,2015,,,
NV,Southern,DOVE,2016,,,
NV,Southern,DOVE,2017,,,
